id_detalle,id_pedido,id_producto,cantidad,precio_unitario_venta
1,1,51,3,10500.0
2,1,60,3,69300.0
3,1,27,1,25000.0
4,2,56,1,14800.0
5,2,3,1,60400.0
6,2,55,2,53500.0
7,2,31,2,23700.0
8,3,26,2,37200.0
9,3,22,1,42500.0
10,4,44,1,27600.0
11,4,54,1,35700.0
12,4,35,2,2800.0
13,4,22,1,42500.0
14,5,23,2,77100.0
15,5,47,3,73400.0
16,5,51,3,10500.0
17,5,21,1,23900.0
18,6,46,2,68100.0
19,7,24,1,72200.0
20,7,28,3,2300.0
21,8,33,2,47800.0
22,8,20,2,54600.0
23,8,43,2,12600.0
24,9,43,1,12600.0
25,9,25,3,9700.0
26,9,44,3,27600.0
27,9,48,2,76600.0
28,10,14,3,10900.0
29,10,28,3,2300.0
30,10,51,3,10500.0
31,11,33,3,47800.0
32,11,31,1,23700.0
33,12,6,1,56300.0
34,12,53,3,75400.0
35,12,49,2,19400.0
36,13,16,2,24600.0
37,14,46,2,68100.0
38,14,45,2,76600.0
39,15,58,1,73800.0
40,16,4,1,52800.0
41,16,36,2,8200.0
42,16,16,1,24600.0
43,16,59,2,83000.0
44,17,49,3,19400.0
45,17,58,3,73800.0
46,17,29,3,66000.0
47,18,29,3,66000.0
48,18,17,2,52200.0
49,18,49,3,19400.0
50,18,16,2,24600.0
51,19,46,2,68100.0
52,20,9,1,26800.0
53,21,5,2,83900.0
54,21,27,2,25000.0
55,22,54,2,35700.0
56,22,27,3,25000.0
57,23,23,2,77100.0
58,24,32,2,63500.0
59,24,15,2,47900.0
60,25,47,1,73400.0
61,25,11,3,79900.0
62,25,54,3,35700.0
63,25,30,1,54900.0
64,26,6,3,56300.0
65,27,17,2,52200.0
66,28,49,2,19400.0
67,28,57,2,79200.0
68,28,25,2,9700.0
69,29,23,1,77100.0
70,30,16,1,24600.0
71,31,43,2,12600.0
72,31,8,3,69800.0
73,31,37,2,75300.0
74,31,14,2,10900.0
75,32,38,1,77000.0
76,33,46,3,68100.0
77,33,13,3,11600.0
78,33,5,1,83900.0
79,33,38,1,77000.0
80,34,35,2,2800.0
81,34,28,1,2300.0
82,34,43,3,12600.0
83,35,7,2,2600.0
84,35,28,3,2300.0
85,35,24,1,72200.0
86,35,41,2,50300.0
87,36,30,3,54900.0
88,36,28,2,2300.0
89,36,53,2,75400.0
90,36,47,1,73400.0
91,37,37,2,75300.0
92,37,40,1,71300.0
93,37,43,2,12600.0
94,37,25,2,9700.0
95,38,22,3,42500.0
96,38,18,3,61600.0
97,38,57,2,79200.0
98,39,16,3,24600.0
99,40,42,1,14300.0
100,40,46,1,68100.0
101,40,32,2,63500.0
102,40,29,1,66000.0
103,41,31,2,23700.0
104,41,36,2,8200.0
105,41,34,3,37500.0
106,42,18,1,61600.0
107,42,20,3,54600.0
108,42,17,1,52200.0
109,42,15,2,47900.0
110,43,14,2,10900.0
111,43,48,2,76600.0
112,44,54,1,35700.0
113,45,1,1,15100.0
114,45,46,2,68100.0
115,45,35,1,2800.0
116,46,41,2,50300.0
117,46,56,1,14800.0
118,47,29,2,66000.0
119,47,22,2,42500.0
120,47,12,1,13100.0
121,47,4,1,52800.0
122,48,10,1,57100.0
123,49,36,2,8200.0
124,50,59,3,83000.0
125,50,29,2,66000.0
126,50,20,2,54600.0
127,50,56,3,14800.0
128,51,49,1,19400.0
129,52,11,1,79900.0
130,53,27,2,25000.0
131,54,19,2,18900.0
132,54,46,3,68100.0
133,55,51,3,10500.0
134,55,41,1,50300.0
135,55,38,2,77000.0
136,56,59,1,83000.0
137,56,18,1,61600.0
138,57,29,3,66000.0
139,57,8,2,69800.0
140,57,30,3,54900.0
141,58,29,2,66000.0
142,58,6,3,56300.0
143,58,39,2,47300.0
144,58,3,3,60400.0
145,59,49,3,19400.0
146,60,34,2,37500.0
147,60,42,1,14300.0
148,60,29,3,66000.0
149,60,59,2,83000.0
150,61,27,3,25000.0
151,61,22,1,42500.0
152,61,21,1,23900.0
153,62,43,3,12600.0
154,62,26,1,37200.0
155,62,53,2,75400.0
156,63,50,2,22700.0
157,64,27,2,25000.0
158,64,4,3,52800.0
159,64,13,2,11600.0
160,64,34,3,37500.0
161,65,60,2,69300.0
162,65,19,3,18900.0
163,66,46,2,68100.0
164,66,11,3,79900.0
165,67,54,1,35700.0
166,67,59,2,83000.0
167,68,33,2,47800.0
168,68,46,2,68100.0
169,68,18,2,61600.0
170,69,13,3,11600.0
171,69,59,1,83000.0
172,69,39,1,47300.0
173,69,33,2,47800.0
174,70,19,3,18900.0
175,71,56,2,14800.0
176,71,10,2,57100.0
177,71,29,2,66000.0
178,71,35,3,2800.0
179,72,45,3,76600.0
180,72,16,2,24600.0
181,73,46,2,68100.0
182,73,59,3,83000.0
183,73,52,3,66700.0
184,73,25,1,9700.0
185,74,56,2,14800.0
186,74,7,1,2600.0
187,74,55,3,53500.0
188,75,56,2,14800.0
189,75,42,2,14300.0
190,75,10,2,57100.0
191,75,5,3,83900.0
192,76,21,2,23900.0
193,76,41,3,50300.0
194,76,46,1,68100.0
195,76,57,3,79200.0
196,77,15,2,47900.0
197,77,48,1,76600.0
198,77,6,3,56300.0
199,78,58,2,73800.0
200,78,2,1,71200.0
201,78,3,2,60400.0
202,79,34,3,37500.0
203,79,27,3,25000.0
204,80,40,3,71300.0
205,80,44,1,27600.0
206,80,16,1,24600.0
207,80,32,2,63500.0
208,81,58,2,73800.0
209,82,23,2,77100.0
210,82,38,3,77000.0
211,82,20,2,54600.0
212,82,41,2,50300.0
213,83,16,2,24600.0
214,84,2,2,71200.0
215,84,54,2,35700.0
216,84,43,1,12600.0
217,85,54,1,35700.0
218,85,58,3,73800.0
219,85,19,2,18900.0
220,85,50,1,22700.0
221,86,41,3,50300.0
222,86,7,3,2600.0
223,87,47,2,73400.0
224,87,9,2,26800.0
225,87,6,3,56300.0
226,88,34,2,37500.0
227,88,33,1,47800.0
228,88,59,2,83000.0
229,89,30,1,54900.0
230,90,55,1,53500.0
231,90,52,2,66700.0
232,90,36,1,8200.0
233,90,24,2,72200.0
234,91,38,3,77000.0
235,91,25,2,9700.0
236,91,53,1,75400.0
237,92,59,3,83000.0
238,92,40,1,71300.0
239,92,15,3,47900.0
240,93,9,1,26800.0
241,94,16,3,24600.0
242,95,38,2,77000.0
243,95,48,3,76600.0
244,95,47,1,73400.0
245,95,10,2,57100.0
246,96,14,2,10900.0
247,96,29,1,66000.0
248,96,16,3,24600.0
249,97,26,2,37200.0
250,98,42,3,14300.0
251,98,41,1,50300.0
252,99,5,3,83900.0
253,99,54,1,35700.0
254,100,51,3,10500.0
255,100,58,1,73800.0
256,101,52,3,66700.0
257,101,12,1,13100.0
258,101,8,1,69800.0
259,102,2,1,71200.0
260,102,12,1,13100.0
261,102,17,3,52200.0
262,103,31,2,23700.0
263,104,33,3,47800.0
264,104,15,3,47900.0
265,104,40,3,71300.0
266,104,3,2,60400.0
267,105,28,3,2300.0
268,105,44,2,27600.0
269,105,7,1,2600.0
270,105,32,1,63500.0
271,106,40,3,71300.0
272,106,41,3,50300.0
273,106,38,2,77000.0
274,107,7,3,2600.0
275,107,51,3,10500.0
276,107,45,3,76600.0
277,107,8,3,69800.0
278,108,22,2,42500.0
279,108,53,3,75400.0
280,108,30,1,54900.0
281,108,26,2,37200.0
282,109,10,2,57100.0
283,109,44,1,27600.0
284,109,60,1,69300.0
285,110,52,1,66700.0
286,110,9,3,26800.0
287,110,36,3,8200.0
288,111,23,2,77100.0
289,111,56,3,14800.0
290,111,43,1,12600.0
291,111,49,2,19400.0
292,112,10,2,57100.0
293,112,43,1,12600.0
294,113,49,2,19400.0
295,114,39,3,47300.0
296,115,59,1,83000.0
297,115,22,1,42500.0
298,115,23,1,77100.0
299,116,6,3,56300.0
300,117,22,3,42500.0
301,117,11,2,79900.0
302,117,24,3,72200.0
303,117,20,3,54600.0
304,118,44,1,27600.0
305,119,39,1,47300.0
306,119,29,3,66000.0
307,119,27,1,25000.0
308,119,18,2,61600.0
309,120,34,1,37500.0
310,120,43,2,12600.0
311,120,20,3,54600.0
312,120,3,1,60400.0
313,121,49,2,19400.0
314,121,17,2,52200.0
315,122,12,3,13100.0
316,122,9,1,26800.0
317,122,25,3,9700.0
318,122,35,3,2800.0
319,123,28,1,2300.0
320,124,37,2,75300.0
321,124,26,2,37200.0
322,124,46,1,68100.0
323,124,41,2,50300.0
324,125,54,1,35700.0
325,125,45,2,76600.0
326,125,59,1,83000.0
327,125,24,1,72200.0
328,126,26,2,37200.0
329,127,33,3,47800.0
330,128,23,3,77100.0
331,128,47,1,73400.0
332,128,53,1,75400.0
333,129,39,3,47300.0
334,129,10,1,57100.0
335,130,44,3,27600.0
336,130,60,3,69300.0
337,130,57,3,79200.0
338,130,37,2,75300.0
339,131,31,2,23700.0
340,132,23,3,77100.0
341,133,4,2,52800.0
342,134,30,3,54900.0
343,134,38,1,77000.0
344,134,36,2,8200.0
345,134,51,3,10500.0
346,135,33,1,47800.0
347,135,10,2,57100.0
348,135,4,3,52800.0
349,135,29,1,66000.0
350,136,29,2,66000.0
351,136,34,2,37500.0
352,136,40,2,71300.0
353,136,11,2,79900.0
354,137,51,3,10500.0
355,138,36,3,8200.0
356,139,22,3,42500.0
357,139,6,3,56300.0
358,140,9,2,26800.0
359,140,39,3,47300.0
360,140,46,2,68100.0
361,140,6,3,56300.0
362,141,42,3,14300.0
363,142,20,2,54600.0
364,142,12,2,13100.0
365,142,14,1,10900.0
366,143,55,3,53500.0
367,143,51,3,10500.0
368,143,7,3,2600.0
369,144,39,1,47300.0
370,144,25,1,9700.0
371,145,27,2,25000.0
372,146,49,2,19400.0
373,146,48,1,76600.0
374,146,51,3,10500.0
375,147,44,2,27600.0
376,147,37,2,75300.0
377,147,29,2,66000.0
378,148,52,1,66700.0
379,148,39,2,47300.0
380,149,46,3,68100.0
381,150,29,1,66000.0
382,150,58,2,73800.0
383,150,33,1,47800.0
384,151,4,1,52800.0
385,151,26,2,37200.0
386,151,33,1,47800.0
387,151,24,2,72200.0
388,152,51,1,10500.0
389,152,10,2,57100.0
390,152,9,2,26800.0
391,153,58,1,73800.0
392,154,8,2,69800.0
393,154,50,1,22700.0
394,154,19,1,18900.0
395,154,16,1,24600.0
396,155,39,3,47300.0
397,155,35,3,2800.0
398,155,2,1,71200.0
399,155,41,3,50300.0
400,156,16,1,24600.0
401,156,37,3,75300.0
402,156,27,3,25000.0
403,157,25,2,9700.0
404,158,23,1,77100.0
405,159,50,3,22700.0
406,160,53,3,75400.0
407,160,42,2,14300.0
408,160,12,3,13100.0
409,161,3,1,60400.0
410,161,19,1,18900.0
411,161,13,2,11600.0
412,161,51,2,10500.0
413,162,3,1,60400.0
414,162,49,2,19400.0
415,162,42,2,14300.0
416,163,28,3,2300.0
417,163,57,2,79200.0
418,163,26,2,37200.0
419,164,24,2,72200.0
420,164,60,1,69300.0
421,164,52,3,66700.0
422,164,34,2,37500.0
423,165,21,2,23900.0
424,165,7,3,2600.0
425,165,6,2,56300.0
426,166,11,2,79900.0
427,166,45,1,76600.0
428,166,29,3,66000.0
429,166,23,2,77100.0
430,167,5,3,83900.0
431,168,2,3,71200.0
432,168,10,3,57100.0
433,169,50,2,22700.0
434,169,42,2,14300.0
435,170,44,2,27600.0
436,170,29,2,66000.0
437,171,26,2,37200.0
438,171,21,1,23900.0
439,171,42,1,14300.0
440,172,59,2,83000.0
441,172,36,3,8200.0
442,172,8,2,69800.0
443,172,17,1,52200.0
444,173,8,1,69800.0
445,173,9,2,26800.0
446,174,43,1,12600.0
447,174,23,3,77100.0
448,174,46,3,68100.0
449,175,51,3,10500.0
450,175,24,1,72200.0
451,176,2,2,71200.0
452,176,24,2,72200.0
453,176,36,3,8200.0
454,176,37,1,75300.0
455,177,46,2,68100.0
456,177,47,2,73400.0
457,177,31,3,23700.0
458,177,34,1,37500.0
459,178,30,1,54900.0
460,178,44,3,27600.0
461,178,34,3,37500.0
462,178,23,3,77100.0
463,179,54,1,35700.0
464,180,21,3,23900.0
465,180,60,1,69300.0
466,181,13,2,11600.0
467,181,41,1,50300.0
468,181,36,3,8200.0
469,182,38,1,77000.0
470,182,10,3,57100.0
471,183,6,1,56300.0
472,184,50,2,22700.0
473,184,37,3,75300.0
474,185,42,1,14300.0
475,185,20,3,54600.0
476,185,31,2,23700.0
477,186,11,2,79900.0
478,187,39,3,47300.0
479,187,10,2,57100.0
480,187,21,3,23900.0
481,188,21,1,23900.0
482,189,10,1,57100.0
483,189,7,2,2600.0
484,190,60,2,69300.0
485,190,37,1,75300.0
486,190,47,1,73400.0
487,191,32,2,63500.0
488,191,2,3,71200.0
489,191,6,2,56300.0
490,192,4,2,52800.0
491,193,55,1,53500.0
492,194,49,1,19400.0
493,194,26,2,37200.0
494,194,24,1,72200.0
495,195,5,2,83900.0
496,195,25,3,9700.0
497,195,33,2,47800.0
498,196,24,2,72200.0
499,196,51,1,10500.0
500,196,22,1,42500.0
501,196,36,3,8200.0
502,197,3,1,60400.0
503,198,39,3,47300.0
504,198,58,1,73800.0
505,199,38,3,77000.0
506,199,22,3,42500.0
507,199,33,2,47800.0
508,200,22,2,42500.0
509,200,44,3,27600.0
510,200,8,2,69800.0
511,201,42,3,14300.0
512,201,51,3,10500.0
513,201,50,1,22700.0
514,202,10,1,57100.0
515,202,53,3,75400.0
516,202,44,3,27600.0
517,202,16,1,24600.0
518,203,10,2,57100.0
519,203,27,3,25000.0
520,203,45,3,76600.0
521,203,14,2,10900.0
522,204,43,2,12600.0
523,204,31,2,23700.0
524,204,34,1,37500.0
525,205,44,3,27600.0
526,205,50,3,22700.0
527,205,56,3,14800.0
528,206,36,2,8200.0
529,206,20,2,54600.0
530,206,15,3,47900.0
531,207,36,3,8200.0
532,207,60,2,69300.0
533,207,51,2,10500.0
534,208,58,1,73800.0
535,208,26,2,37200.0
536,208,53,1,75400.0
537,208,23,2,77100.0
538,209,48,1,76600.0
539,209,31,3,23700.0
540,209,14,2,10900.0
541,210,16,3,24600.0
542,210,4,3,52800.0
543,211,22,3,42500.0
544,211,46,1,68100.0
545,211,31,1,23700.0
546,211,7,3,2600.0
547,212,42,2,14300.0
548,212,13,2,11600.0
549,212,49,3,19400.0
550,212,19,1,18900.0
551,213,59,1,83000.0
552,214,12,2,13100.0
553,214,60,1,69300.0
554,214,48,1,76600.0
555,214,56,2,14800.0
556,215,42,1,14300.0
557,215,35,3,2800.0
558,215,34,2,37500.0
559,215,32,2,63500.0
560,216,42,1,14300.0
561,216,17,3,52200.0
562,216,46,2,68100.0
563,216,12,2,13100.0
564,217,53,1,75400.0
565,217,28,2,2300.0
566,217,33,3,47800.0
567,217,21,1,23900.0
568,218,1,2,15100.0
569,218,17,1,52200.0
570,219,17,3,52200.0
571,220,30,2,54900.0
572,221,45,2,76600.0
573,221,8,2,69800.0
574,221,41,3,50300.0
575,222,30,3,54900.0
576,222,48,2,76600.0
577,223,49,3,19400.0
578,223,16,3,24600.0
579,224,5,1,83900.0
580,224,59,1,83000.0
581,224,37,3,75300.0
582,225,11,3,79900.0
583,225,21,2,23900.0
584,226,6,1,56300.0
585,226,58,2,73800.0
586,226,33,1,47800.0
587,226,29,3,66000.0
588,227,44,1,27600.0
589,227,52,2,66700.0
590,227,20,2,54600.0
591,227,47,1,73400.0
592,228,23,1,77100.0
593,228,45,1,76600.0
594,228,5,2,83900.0
595,228,35,1,2800.0
596,229,24,2,72200.0
597,229,58,2,73800.0
598,229,25,1,9700.0
599,229,29,3,66000.0
600,230,8,2,69800.0
601,230,12,3,13100.0
602,230,35,1,2800.0
603,231,44,3,27600.0
604,231,47,2,73400.0
605,231,35,1,2800.0
606,231,28,1,2300.0
607,232,60,3,69300.0
608,232,57,1,79200.0
609,233,14,1,10900.0
610,233,5,3,83900.0
611,234,16,3,24600.0
612,235,49,1,19400.0
613,235,56,1,14800.0
614,236,37,3,75300.0
615,236,39,2,47300.0
616,236,50,1,22700.0
617,237,27,2,25000.0
618,237,20,1,54600.0
619,238,36,3,8200.0
620,238,32,3,63500.0
621,238,4,2,52800.0
622,238,23,3,77100.0
623,239,25,3,9700.0
624,239,12,2,13100.0
625,239,49,1,19400.0
626,240,59,2,83000.0
627,240,4,3,52800.0
628,240,36,3,8200.0
629,240,27,1,25000.0
630,241,42,2,14300.0
631,241,6,2,56300.0
632,241,60,1,69300.0
633,242,44,1,27600.0
634,242,39,1,47300.0
635,242,3,3,60400.0
636,242,56,3,14800.0
637,243,56,2,14800.0
638,243,59,2,83000.0
639,244,48,2,76600.0
640,245,50,2,22700.0
641,245,19,3,18900.0
642,245,25,3,9700.0
643,246,30,2,54900.0
644,246,7,2,2600.0
645,246,52,1,66700.0
646,246,47,2,73400.0
647,247,48,1,76600.0
648,247,10,2,57100.0
649,248,19,1,18900.0
650,248,10,2,57100.0
651,248,13,3,11600.0
652,248,22,1,42500.0
653,249,17,2,52200.0
654,249,49,3,19400.0
655,249,53,3,75400.0
656,250,11,3,79900.0
657,250,9,2,26800.0
658,250,47,1,73400.0
659,251,53,3,75400.0
660,252,5,1,83900.0
661,252,46,1,68100.0
662,253,40,3,71300.0
663,254,1,3,15100.0
664,255,35,3,2800.0
665,255,19,3,18900.0
666,255,2,3,71200.0
667,256,16,3,24600.0
668,256,13,3,11600.0
669,257,24,2,72200.0
670,258,20,1,54600.0
671,258,44,3,27600.0
672,259,25,3,9700.0
673,259,36,1,8200.0
674,259,31,3,23700.0
675,259,4,1,52800.0
676,260,37,3,75300.0
677,260,55,1,53500.0
678,260,7,1,2600.0
679,261,60,1,69300.0
680,262,12,2,13100.0
681,263,60,3,69300.0
682,263,5,1,83900.0
683,263,20,3,54600.0
684,263,11,2,79900.0
685,264,51,3,10500.0
686,264,45,1,76600.0
687,265,15,3,47900.0
688,265,54,3,35700.0
689,265,5,3,83900.0
690,265,22,2,42500.0
691,266,32,2,63500.0
692,266,15,2,47900.0
693,266,23,1,77100.0
694,266,36,3,8200.0
695,267,52,1,66700.0
696,267,16,1,24600.0
697,267,46,2,68100.0
698,268,48,2,76600.0
699,268,25,2,9700.0
700,269,24,1,72200.0
701,269,49,1,19400.0
702,269,18,1,61600.0
703,269,7,2,2600.0
704,270,7,3,2600.0
705,270,2,1,71200.0
706,270,6,3,56300.0
707,270,23,3,77100.0
708,271,25,3,9700.0
709,271,50,1,22700.0
710,271,6,3,56300.0
711,271,47,3,73400.0
712,272,20,1,54600.0
713,272,18,1,61600.0
714,272,32,1,63500.0
715,273,51,1,10500.0
716,273,5,3,83900.0
717,273,24,3,72200.0
718,273,17,2,52200.0
719,274,20,2,54600.0
720,274,1,2,15100.0
721,275,28,3,2300.0
722,275,53,3,75400.0
723,275,56,1,14800.0
724,276,31,1,23700.0
725,276,21,2,23900.0
726,277,37,2,75300.0
727,277,51,2,10500.0
728,277,16,2,24600.0
729,277,21,2,23900.0
730,278,44,3,27600.0
731,278,50,1,22700.0
732,279,53,2,75400.0
733,280,16,1,24600.0
734,280,17,3,52200.0
735,280,43,2,12600.0
736,281,38,3,77000.0
737,281,26,2,37200.0
738,281,35,3,2800.0
739,281,33,1,47800.0
740,282,7,1,2600.0
741,283,37,3,75300.0
742,284,1,1,15100.0
743,285,29,2,66000.0
744,285,24,2,72200.0
745,286,23,2,77100.0
746,286,2,1,71200.0
747,287,23,2,77100.0
748,287,20,2,54600.0
749,288,7,2,2600.0
750,288,29,2,66000.0
751,288,47,1,73400.0
752,288,45,2,76600.0
753,289,44,1,27600.0
754,290,22,2,42500.0
755,290,36,2,8200.0
756,291,41,2,50300.0
757,291,43,2,12600.0
758,292,25,1,9700.0
759,292,1,2,15100.0
760,292,46,3,68100.0
761,292,14,1,10900.0
762,293,21,1,23900.0
763,293,13,2,11600.0
764,293,30,3,54900.0
765,294,40,2,71300.0
766,294,26,2,37200.0
767,294,38,2,77000.0
768,294,8,3,69800.0
769,295,44,1,27600.0
770,296,12,2,13100.0
771,297,37,2,75300.0
772,297,25,1,9700.0
773,298,36,2,8200.0
774,298,11,2,79900.0
775,299,56,2,14800.0
776,300,36,2,8200.0
777,300,33,3,47800.0
778,300,42,2,14300.0
779,300,32,2,63500.0
780,301,51,1,10500.0
781,302,11,3,79900.0
782,302,50,3,22700.0
783,302,30,2,54900.0
784,303,18,3,61600.0
785,304,35,3,2800.0
786,304,14,3,10900.0
787,304,28,1,2300.0
788,304,7,2,2600.0
789,305,29,1,66000.0
790,306,56,3,14800.0
791,306,46,2,68100.0
792,306,40,1,71300.0
793,307,37,2,75300.0
794,308,21,2,23900.0
795,308,46,2,68100.0
796,309,9,2,26800.0
797,310,16,3,24600.0
798,310,10,2,57100.0
799,311,41,2,50300.0
800,311,27,1,25000.0
801,311,25,3,9700.0
802,312,45,2,76600.0
803,312,60,2,69300.0
804,312,57,2,79200.0
805,313,47,2,73400.0
806,314,14,2,10900.0
807,314,28,2,2300.0
808,314,53,2,75400.0
809,314,32,2,63500.0
810,315,51,1,10500.0
811,315,22,1,42500.0
812,315,58,1,73800.0
813,315,44,3,27600.0
814,316,30,3,54900.0
815,316,1,1,15100.0
816,316,28,3,2300.0
817,316,13,2,11600.0
818,317,17,3,52200.0
819,317,6,3,56300.0
820,317,24,1,72200.0
821,318,28,1,2300.0
822,318,42,3,14300.0
823,319,9,3,26800.0
824,320,1,3,15100.0
825,321,31,1,23700.0
826,321,5,2,83900.0
827,322,57,2,79200.0
828,322,20,1,54600.0
829,322,9,3,26800.0
830,323,40,3,71300.0
831,324,41,1,50300.0
832,324,48,2,76600.0
833,325,9,1,26800.0
834,326,51,2,10500.0
835,326,9,3,26800.0
836,326,16,1,24600.0
837,327,50,3,22700.0
838,327,45,2,76600.0
839,327,2,1,71200.0
840,328,19,1,18900.0
841,328,42,2,14300.0
842,328,4,2,52800.0
843,328,51,1,10500.0
844,329,34,1,37500.0
845,330,24,2,72200.0
846,330,35,1,2800.0
847,330,44,1,27600.0
848,330,12,3,13100.0
849,331,60,1,69300.0
850,332,28,3,2300.0
851,332,45,3,76600.0
852,332,26,3,37200.0
853,332,6,3,56300.0
854,333,33,1,47800.0
855,334,20,3,54600.0
856,335,60,2,69300.0
857,336,20,3,54600.0
858,337,45,1,76600.0
859,337,1,2,15100.0
860,338,11,3,79900.0
861,338,24,2,72200.0
862,338,9,3,26800.0
863,339,34,3,37500.0
864,339,5,3,83900.0
865,339,17,3,52200.0
866,340,4,3,52800.0
867,340,32,1,63500.0
868,340,55,2,53500.0
869,341,15,3,47900.0
870,342,3,2,60400.0
871,342,31,2,23700.0
872,343,15,3,47900.0
873,343,21,2,23900.0
874,343,16,2,24600.0
875,343,27,1,25000.0
876,344,12,1,13100.0
877,345,56,2,14800.0
878,345,19,2,18900.0
879,345,50,1,22700.0
880,345,55,3,53500.0
881,346,37,3,75300.0
882,346,51,3,10500.0
883,346,20,1,54600.0
884,347,47,3,73400.0
885,347,58,1,73800.0
886,348,35,3,2800.0
887,348,23,3,77100.0
888,349,55,1,53500.0
889,349,48,1,76600.0
890,349,47,3,73400.0
891,349,20,1,54600.0
892,350,6,1,56300.0
893,350,3,3,60400.0
894,350,59,2,83000.0
895,351,33,1,47800.0
896,352,28,3,2300.0
897,353,60,3,69300.0
898,353,52,3,66700.0
899,353,26,2,37200.0
900,354,13,1,11600.0
901,355,29,2,66000.0
902,355,30,2,54900.0
903,356,20,1,54600.0
904,356,30,1,54900.0
905,356,17,1,52200.0
906,356,55,3,53500.0
907,357,6,1,56300.0
908,357,46,2,68100.0
909,358,17,1,52200.0
910,358,53,2,75400.0
911,358,12,2,13100.0
912,359,7,1,2600.0
913,359,52,1,66700.0
914,359,51,1,10500.0
915,359,9,1,26800.0
916,360,38,3,77000.0
917,361,58,2,73800.0
918,361,42,1,14300.0
919,362,4,2,52800.0
920,362,11,3,79900.0
921,362,60,2,69300.0
922,362,37,2,75300.0
923,363,23,1,77100.0
924,363,14,2,10900.0
925,364,42,2,14300.0
926,364,19,2,18900.0
927,365,25,1,9700.0
928,365,9,3,26800.0
929,365,27,3,25000.0
930,366,31,2,23700.0
931,366,35,2,2800.0
932,366,51,3,10500.0
933,367,2,3,71200.0
934,367,21,1,23900.0
935,368,50,1,22700.0
936,368,38,1,77000.0
937,368,15,1,47900.0
938,369,49,1,19400.0
939,370,16,2,24600.0
940,370,38,3,77000.0
941,371,37,2,75300.0
942,371,10,3,57100.0
943,371,13,2,11600.0
944,372,15,3,47900.0
945,373,22,3,42500.0
946,374,59,2,83000.0
947,374,52,1,66700.0
948,375,50,3,22700.0
949,375,8,2,69800.0
950,376,38,2,77000.0
951,376,7,1,2600.0
952,376,22,1,42500.0
953,376,20,3,54600.0
954,377,46,3,68100.0
955,377,36,3,8200.0
956,378,25,3,9700.0
957,378,20,3,54600.0
958,379,45,3,76600.0
959,380,59,1,83000.0
960,380,52,3,66700.0
961,380,40,3,71300.0
962,381,16,2,24600.0
963,382,29,1,66000.0
964,382,1,1,15100.0
965,382,17,3,52200.0
966,383,4,2,52800.0
967,384,57,2,79200.0
968,384,25,1,9700.0
969,384,23,2,77100.0
970,384,35,3,2800.0
971,385,52,1,66700.0
972,386,5,2,83900.0
973,387,36,1,8200.0
974,388,42,2,14300.0
975,388,11,1,79900.0
976,388,39,1,47300.0
977,388,57,1,79200.0
978,389,43,1,12600.0
979,389,19,1,18900.0
980,389,20,1,54600.0
981,390,4,1,52800.0
982,390,24,2,72200.0
983,391,13,1,11600.0
984,391,7,3,2600.0
985,391,2,2,71200.0
986,391,14,1,10900.0
987,392,32,1,63500.0
988,392,58,3,73800.0
989,392,43,3,12600.0
990,392,17,2,52200.0
991,393,29,2,66000.0
992,393,3,2,60400.0
993,394,10,3,57100.0
994,395,52,3,66700.0
995,395,35,1,2800.0
996,395,27,3,25000.0
997,396,37,2,75300.0
998,396,57,1,79200.0
999,396,16,2,24600.0
1000,396,31,3,23700.0
1001,397,8,2,69800.0
1002,397,49,1,19400.0
1003,398,28,1,2300.0
1004,399,54,2,35700.0
1005,399,39,2,47300.0
1006,400,36,3,8200.0
1007,400,21,2,23900.0
1008,400,55,1,53500.0
1009,400,18,3,61600.0
1010,401,27,1,25000.0
1011,402,60,1,69300.0
1012,403,57,2,79200.0
1013,403,27,3,25000.0
1014,403,17,2,52200.0
1015,404,26,3,37200.0
1016,404,10,3,57100.0
1017,404,40,3,71300.0
1018,405,4,2,52800.0
1019,405,48,2,76600.0
1020,406,18,3,61600.0
1021,406,54,3,35700.0
1022,406,32,1,63500.0
1023,407,50,3,22700.0
1024,407,53,2,75400.0
1025,407,21,3,23900.0
1026,407,18,3,61600.0
1027,408,48,2,76600.0
1028,408,32,1,63500.0
1029,408,49,3,19400.0
1030,408,34,1,37500.0
1031,409,9,3,26800.0
1032,409,50,1,22700.0
1033,409,55,1,53500.0
1034,409,34,1,37500.0
1035,410,4,1,52800.0
1036,410,59,2,83000.0
1037,410,24,2,72200.0
1038,410,46,2,68100.0
1039,411,16,2,24600.0
1040,412,23,2,77100.0
1041,412,11,3,79900.0
1042,412,54,3,35700.0
1043,413,11,3,79900.0
1044,414,18,2,61600.0
1045,414,42,3,14300.0
1046,415,39,1,47300.0
1047,415,52,1,66700.0
1048,416,28,2,2300.0
1049,416,58,2,73800.0
1050,416,25,2,9700.0
1051,417,38,3,77000.0
1052,417,7,2,2600.0
1053,417,1,3,15100.0
1054,417,33,3,47800.0
1055,418,31,1,23700.0
1056,419,17,3,52200.0
1057,419,42,2,14300.0
1058,419,46,1,68100.0
1059,420,43,3,12600.0
1060,420,21,1,23900.0
1061,420,44,3,27600.0
1062,420,9,2,26800.0
1063,421,48,3,76600.0
1064,421,3,1,60400.0
1065,421,38,2,77000.0
1066,421,46,3,68100.0
1067,422,33,1,47800.0
1068,422,20,3,54600.0
1069,422,55,3,53500.0
1070,423,48,3,76600.0
1071,423,17,3,52200.0
1072,424,23,3,77100.0
1073,424,15,2,47900.0
1074,425,30,2,54900.0
1075,425,55,1,53500.0
1076,425,8,3,69800.0
1077,426,57,3,79200.0
1078,426,13,2,11600.0
1079,426,33,3,47800.0
1080,426,8,2,69800.0
1081,427,22,3,42500.0
1082,427,27,2,25000.0
1083,428,32,2,63500.0
1084,429,1,2,15100.0
1085,430,32,1,63500.0
1086,430,51,1,10500.0
1087,431,28,1,2300.0
1088,431,31,3,23700.0
1089,431,25,1,9700.0
1090,431,1,3,15100.0
1091,432,2,1,71200.0
1092,432,44,3,27600.0
1093,433,9,3,26800.0
1094,433,7,3,2600.0
1095,433,25,2,9700.0
1096,434,30,3,54900.0
1097,434,47,3,73400.0
1098,434,34,2,37500.0
1099,435,49,2,19400.0
1100,435,13,1,11600.0
1101,435,11,1,79900.0
1102,436,38,3,77000.0
1103,437,25,3,9700.0
1104,438,43,1,12600.0
1105,439,27,2,25000.0
1106,440,45,3,76600.0
1107,440,10,1,57100.0
1108,440,14,2,10900.0
1109,440,44,2,27600.0
1110,441,40,1,71300.0
1111,441,39,2,47300.0
1112,441,45,1,76600.0
1113,442,32,1,63500.0
1114,443,23,2,77100.0
1115,443,46,2,68100.0
1116,444,45,2,76600.0
1117,444,60,2,69300.0
1118,445,59,1,83000.0
1119,446,47,3,73400.0
1120,447,19,1,18900.0
1121,447,17,1,52200.0
1122,447,30,1,54900.0
1123,447,4,2,52800.0
1124,448,7,1,2600.0
1125,449,22,2,42500.0
1126,449,23,3,77100.0
1127,450,8,2,69800.0
1128,450,26,2,37200.0
1129,451,42,1,14300.0
1130,451,57,1,79200.0
1131,451,52,3,66700.0
1132,451,11,3,79900.0
1133,452,52,1,66700.0
1134,452,37,3,75300.0
1135,452,44,2,27600.0
1136,452,29,2,66000.0
1137,453,31,2,23700.0
1138,453,59,1,83000.0
1139,454,42,3,14300.0
1140,454,21,3,23900.0
1141,454,1,3,15100.0
1142,455,34,1,37500.0
1143,455,45,2,76600.0
1144,455,40,3,71300.0
1145,456,10,3,57100.0
1146,456,54,1,35700.0
1147,456,53,1,75400.0
1148,456,36,3,8200.0
1149,457,5,2,83900.0
1150,457,49,2,19400.0
1151,458,36,2,8200.0
1152,458,42,2,14300.0
1153,459,6,2,56300.0
1154,459,55,1,53500.0
1155,459,32,2,63500.0
1156,459,29,3,66000.0
1157,460,3,1,60400.0
1158,460,36,3,8200.0
1159,460,1,3,15100.0
1160,460,53,3,75400.0
1161,461,22,1,42500.0
1162,461,24,2,72200.0
1163,461,53,2,75400.0
1164,461,4,3,52800.0
1165,462,46,1,68100.0
1166,462,29,3,66000.0
1167,462,8,1,69800.0
1168,463,36,3,8200.0
1169,463,34,1,37500.0
1170,463,24,1,72200.0
1171,464,7,1,2600.0
1172,464,17,1,52200.0
1173,464,40,2,71300.0
1174,464,13,1,11600.0
1175,465,49,2,19400.0
1176,466,43,2,12600.0
1177,466,38,1,77000.0
1178,466,33,3,47800.0
1179,466,9,3,26800.0
1180,467,60,1,69300.0
1181,467,33,3,47800.0
1182,467,50,3,22700.0
1183,467,59,1,83000.0
1184,468,33,2,47800.0
1185,468,57,3,79200.0
1186,468,25,3,9700.0
1187,469,29,1,66000.0
1188,469,52,2,66700.0
1189,469,9,3,26800.0
1190,470,46,3,68100.0
1191,470,48,3,76600.0
1192,470,60,1,69300.0
1193,471,44,3,27600.0
1194,471,23,1,77100.0
1195,471,59,3,83000.0
1196,472,46,2,68100.0
1197,472,8,3,69800.0
1198,472,49,2,19400.0
1199,473,44,3,27600.0
1200,473,48,2,76600.0
1201,473,58,2,73800.0
1202,473,54,1,35700.0
1203,474,4,1,52800.0
1204,474,43,1,12600.0
1205,475,10,3,57100.0
1206,475,54,2,35700.0
1207,475,4,1,52800.0
1208,476,40,3,71300.0
1209,477,16,3,24600.0
1210,477,33,2,47800.0
1211,477,51,3,10500.0
1212,477,52,3,66700.0
1213,478,36,3,8200.0
1214,478,4,2,52800.0
1215,478,1,1,15100.0
1216,479,49,3,19400.0
1217,479,38,3,77000.0
1218,479,35,1,2800.0
1219,480,12,1,13100.0
1220,481,18,1,61600.0
1221,481,36,3,8200.0
1222,481,17,2,52200.0
1223,481,9,1,26800.0
1224,482,10,2,57100.0
1225,483,32,3,63500.0
1226,483,51,2,10500.0
1227,483,37,1,75300.0
1228,484,51,3,10500.0
1229,485,6,1,56300.0
1230,485,23,3,77100.0
1231,485,15,2,47900.0
1232,485,57,2,79200.0
1233,486,36,1,8200.0
1234,486,53,1,75400.0
1235,486,49,3,19400.0
1236,486,42,2,14300.0
1237,487,3,2,60400.0
1238,487,44,2,27600.0
1239,488,2,2,71200.0
1240,488,59,3,83000.0
1241,488,34,3,37500.0
1242,489,21,1,23900.0
1243,489,33,1,47800.0
1244,490,14,3,10900.0
1245,491,14,3,10900.0
1246,492,2,3,71200.0
1247,492,30,2,54900.0
1248,493,51,3,10500.0
1249,493,17,1,52200.0
1250,494,29,2,66000.0
1251,494,41,1,50300.0
1252,494,26,2,37200.0
1253,494,28,3,2300.0
1254,495,49,3,19400.0
1255,496,60,2,69300.0
1256,496,33,3,47800.0
1257,496,7,2,2600.0
1258,497,26,2,37200.0
1259,497,53,1,75400.0
1260,497,43,3,12600.0
1261,497,2,1,71200.0
1262,498,20,3,54600.0
1263,498,44,3,27600.0
1264,499,8,1,69800.0
1265,499,3,3,60400.0
1266,500,20,1,54600.0
1267,501,11,1,79900.0
1268,501,12,3,13100.0
1269,502,55,3,53500.0
1270,503,17,1,52200.0
1271,504,9,1,26800.0
1272,504,43,1,12600.0
1273,504,42,2,14300.0
1274,505,29,2,66000.0
1275,505,22,3,42500.0
1276,505,40,3,71300.0
1277,505,43,1,12600.0
1278,506,11,1,79900.0
1279,506,1,3,15100.0
1280,506,21,3,23900.0
1281,506,16,3,24600.0
1282,507,57,2,79200.0
1283,507,31,2,23700.0
1284,507,30,2,54900.0
1285,508,54,2,35700.0
1286,509,47,1,73400.0
1287,510,50,1,22700.0
1288,510,38,3,77000.0
1289,510,14,2,10900.0
1290,510,59,3,83000.0
1291,511,26,3,37200.0
1292,511,15,3,47900.0
1293,511,58,2,73800.0
1294,512,26,2,37200.0
1295,513,49,1,19400.0
1296,513,33,2,47800.0
1297,514,48,2,76600.0
1298,514,47,2,73400.0
1299,515,17,2,52200.0
1300,516,25,2,9700.0
1301,516,31,1,23700.0
1302,516,59,1,83000.0
1303,517,54,3,35700.0
1304,517,48,3,76600.0
1305,517,17,3,52200.0
1306,518,38,1,77000.0
1307,518,42,3,14300.0
1308,518,58,2,73800.0
1309,519,53,2,75400.0
1310,519,56,2,14800.0
1311,519,23,3,77100.0
1312,520,15,3,47900.0
1313,520,5,3,83900.0
1314,521,24,3,72200.0
1315,521,39,1,47300.0
1316,522,31,3,23700.0
1317,523,42,2,14300.0
1318,523,54,1,35700.0
1319,524,9,3,26800.0
1320,524,41,1,50300.0
1321,525,60,2,69300.0
1322,525,12,3,13100.0
1323,525,34,3,37500.0
1324,526,6,3,56300.0
1325,526,14,2,10900.0
1326,526,29,2,66000.0
1327,527,51,1,10500.0
1328,527,38,3,77000.0
1329,528,60,3,69300.0
1330,528,30,1,54900.0
1331,528,39,1,47300.0
1332,529,13,3,11600.0
1333,530,12,2,13100.0
1334,531,6,2,56300.0
1335,532,58,3,73800.0
1336,533,56,3,14800.0
1337,533,3,2,60400.0
1338,533,45,1,76600.0
1339,534,28,1,2300.0
1340,535,39,2,47300.0
1341,535,57,2,79200.0
1342,535,35,1,2800.0
1343,536,34,1,37500.0
1344,537,24,3,72200.0
1345,537,7,3,2600.0
1346,537,10,2,57100.0
1347,537,28,2,2300.0
1348,538,44,1,27600.0
1349,538,26,2,37200.0
1350,538,49,3,19400.0
1351,539,17,3,52200.0
1352,539,20,2,54600.0
1353,539,37,3,75300.0
1354,539,23,1,77100.0
1355,540,51,1,10500.0
1356,540,45,3,76600.0
1357,540,11,2,79900.0
1358,540,7,2,2600.0
1359,541,52,1,66700.0
1360,542,5,2,83900.0
1361,543,47,2,73400.0
1362,544,50,1,22700.0
1363,545,55,3,53500.0
1364,545,43,2,12600.0
1365,546,40,3,71300.0
1366,546,11,1,79900.0
1367,547,6,2,56300.0
1368,547,18,2,61600.0
1369,548,34,3,37500.0
1370,548,1,3,15100.0
1371,549,23,1,77100.0
1372,549,53,3,75400.0
1373,549,18,1,61600.0
1374,550,12,1,13100.0
1375,550,27,3,25000.0
1376,550,33,1,47800.0
1377,551,57,3,79200.0
1378,551,35,2,2800.0
1379,551,53,3,75400.0
1380,552,49,2,19400.0
1381,552,22,3,42500.0
1382,553,17,1,52200.0
1383,554,52,2,66700.0
1384,554,21,2,23900.0
1385,555,16,2,24600.0
1386,555,19,3,18900.0
1387,555,6,3,56300.0
1388,556,21,3,23900.0
1389,556,23,2,77100.0
1390,556,14,1,10900.0
1391,556,58,3,73800.0
1392,557,16,1,24600.0
1393,557,48,2,76600.0
1394,558,10,1,57100.0
1395,558,50,1,22700.0
1396,558,7,3,2600.0
1397,559,55,2,53500.0
1398,560,32,3,63500.0
1399,560,12,2,13100.0
1400,560,49,2,19400.0
1401,561,31,2,23700.0
1402,561,35,2,2800.0
1403,561,3,3,60400.0
1404,561,33,1,47800.0
1405,562,21,1,23900.0
1406,562,45,2,76600.0
1407,562,1,3,15100.0
1408,562,44,1,27600.0
1409,563,36,1,8200.0
1410,563,17,2,52200.0
1411,564,28,2,2300.0
1412,564,14,2,10900.0
1413,564,27,2,25000.0
1414,564,45,2,76600.0
1415,565,53,3,75400.0
1416,565,7,2,2600.0
1417,566,10,3,57100.0
1418,566,52,1,66700.0
1419,567,9,3,26800.0
1420,567,58,3,73800.0
1421,567,55,3,53500.0
1422,567,41,2,50300.0
1423,568,26,1,37200.0
1424,569,54,3,35700.0
1425,569,41,2,50300.0
1426,569,7,2,2600.0
1427,569,29,2,66000.0
1428,570,2,2,71200.0
1429,570,27,3,25000.0
1430,570,8,3,69800.0
1431,571,50,2,22700.0
1432,571,19,2,18900.0
1433,572,57,2,79200.0
1434,572,6,2,56300.0
1435,572,25,3,9700.0
1436,572,40,1,71300.0
1437,573,55,1,53500.0
1438,573,59,2,83000.0
1439,573,5,1,83900.0
1440,573,6,2,56300.0
1441,574,18,2,61600.0
1442,574,57,3,79200.0
1443,574,29,3,66000.0
1444,574,50,3,22700.0
1445,575,9,3,26800.0
1446,576,14,1,10900.0
1447,577,36,2,8200.0
1448,577,4,3,52800.0
1449,577,2,1,71200.0
1450,577,50,1,22700.0
1451,578,20,2,54600.0
1452,578,15,2,47900.0
1453,578,16,3,24600.0
1454,578,48,1,76600.0
1455,579,43,2,12600.0
1456,580,36,3,8200.0
1457,580,29,3,66000.0
1458,580,9,1,26800.0
1459,581,34,2,37500.0
1460,581,41,2,50300.0
1461,581,35,3,2800.0
1462,581,20,1,54600.0
1463,582,17,1,52200.0
1464,582,10,3,57100.0
1465,582,20,1,54600.0
1466,582,1,2,15100.0
1467,583,49,2,19400.0
1468,583,31,2,23700.0
1469,583,20,3,54600.0
1470,583,1,1,15100.0
1471,584,57,1,79200.0
1472,584,36,1,8200.0
1473,584,28,3,2300.0
1474,584,26,3,37200.0
1475,585,6,1,56300.0
1476,585,28,3,2300.0
1477,585,41,3,50300.0
1478,586,27,1,25000.0
1479,586,13,1,11600.0
1480,586,55,1,53500.0
1481,587,18,1,61600.0
1482,587,45,2,76600.0
1483,587,40,1,71300.0
1484,587,32,1,63500.0
1485,588,19,2,18900.0
1486,589,6,1,56300.0
1487,589,10,2,57100.0
1488,590,24,1,72200.0
1489,590,30,2,54900.0
1490,590,45,1,76600.0
1491,590,51,1,10500.0
1492,591,12,2,13100.0
1493,591,13,2,11600.0
1494,591,58,1,73800.0
1495,591,54,1,35700.0
1496,592,13,2,11600.0
1497,593,25,2,9700.0
1498,593,44,1,27600.0
1499,593,20,3,54600.0
1500,593,60,3,69300.0
1501,594,31,1,23700.0
1502,594,41,2,50300.0
1503,594,20,1,54600.0
1504,595,21,2,23900.0
1505,595,1,3,15100.0
1506,595,11,1,79900.0
1507,595,51,2,10500.0
1508,596,45,1,76600.0
1509,596,39,1,47300.0
1510,596,10,1,57100.0
1511,596,24,2,72200.0
1512,597,23,3,77100.0
1513,598,15,3,47900.0
1514,598,21,2,23900.0
1515,598,36,2,8200.0
1516,598,51,3,10500.0
1517,599,47,1,73400.0
1518,599,9,2,26800.0
1519,599,17,3,52200.0
1520,600,13,2,11600.0
1521,600,37,2,75300.0
1522,600,12,3,13100.0
1523,600,35,2,2800.0
1524,601,29,2,66000.0
1525,601,19,3,18900.0
1526,602,47,3,73400.0
1527,602,12,2,13100.0
1528,602,57,3,79200.0
1529,602,2,1,71200.0
1530,603,13,3,11600.0
1531,603,34,1,37500.0
1532,603,44,3,27600.0
1533,603,32,2,63500.0
1534,604,7,3,2600.0
1535,605,56,1,14800.0
1536,605,3,1,60400.0
1537,606,43,3,12600.0
1538,606,32,3,63500.0
1539,606,34,2,37500.0
1540,606,40,1,71300.0
1541,607,1,1,15100.0
1542,608,24,3,72200.0
1543,609,34,1,37500.0
1544,609,3,2,60400.0
1545,609,47,1,73400.0
1546,610,35,1,2800.0
1547,610,25,1,9700.0
1548,611,36,3,8200.0
1549,611,48,2,76600.0
1550,612,45,1,76600.0
1551,612,43,1,12600.0
1552,612,28,1,2300.0
1553,612,57,3,79200.0
1554,613,35,2,2800.0
1555,613,39,2,47300.0
1556,614,49,3,19400.0
1557,614,41,2,50300.0
1558,614,28,3,2300.0
1559,614,53,1,75400.0
1560,615,24,1,72200.0
1561,615,29,3,66000.0
1562,615,26,1,37200.0
1563,616,1,1,15100.0
1564,616,20,2,54600.0
1565,616,15,1,47900.0
1566,617,7,2,2600.0
1567,617,3,2,60400.0
1568,618,15,2,47900.0
1569,618,17,1,52200.0
1570,619,47,2,73400.0
1571,620,39,3,47300.0
1572,621,6,2,56300.0
1573,621,50,2,22700.0
1574,621,4,2,52800.0
1575,621,59,2,83000.0
1576,622,41,3,50300.0
1577,623,21,3,23900.0
1578,624,10,3,57100.0
1579,624,4,3,52800.0
1580,625,15,2,47900.0
1581,626,6,3,56300.0
1582,626,31,1,23700.0
1583,626,37,3,75300.0
1584,627,50,1,22700.0
1585,627,45,2,76600.0
1586,627,9,3,26800.0
1587,627,49,1,19400.0
1588,628,36,3,8200.0
1589,628,40,3,71300.0
1590,629,21,1,23900.0
1591,629,44,1,27600.0
1592,629,60,3,69300.0
1593,629,37,2,75300.0
1594,630,23,1,77100.0
1595,630,39,2,47300.0
1596,630,42,1,14300.0
1597,631,3,1,60400.0
1598,631,60,3,69300.0
1599,631,53,2,75400.0
1600,631,15,1,47900.0
1601,632,40,1,71300.0
1602,632,60,2,69300.0
1603,633,29,2,66000.0
1604,633,31,1,23700.0
1605,633,2,3,71200.0
1606,634,36,3,8200.0
1607,634,31,1,23700.0
1608,634,40,3,71300.0
1609,635,17,1,52200.0
1610,636,4,1,52800.0
1611,636,30,1,54900.0
1612,636,42,2,14300.0
1613,637,56,2,14800.0
1614,637,7,3,2600.0
1615,637,2,2,71200.0
1616,638,58,2,73800.0
1617,639,33,3,47800.0
1618,639,30,3,54900.0
1619,640,22,3,42500.0
1620,640,32,1,63500.0
1621,640,26,1,37200.0
1622,641,16,1,24600.0
1623,641,33,3,47800.0
1624,641,18,2,61600.0
1625,642,10,2,57100.0
1626,642,22,3,42500.0
1627,643,27,3,25000.0
1628,643,16,1,24600.0
1629,644,35,1,2800.0
1630,644,9,3,26800.0
1631,644,14,3,10900.0
1632,644,42,3,14300.0
1633,645,28,1,2300.0
1634,645,59,3,83000.0
1635,646,12,2,13100.0
1636,647,20,3,54600.0
1637,647,29,3,66000.0
1638,647,48,2,76600.0
1639,647,60,1,69300.0
1640,648,49,3,19400.0
1641,649,39,1,47300.0
1642,649,15,3,47900.0
1643,650,9,2,26800.0
1644,650,33,3,47800.0
1645,650,55,3,53500.0
1646,650,39,2,47300.0
1647,651,11,1,79900.0
1648,651,13,1,11600.0
1649,652,48,1,76600.0
1650,652,43,1,12600.0
1651,653,45,1,76600.0
1652,653,21,2,23900.0
1653,653,56,2,14800.0
1654,653,30,1,54900.0
1655,654,40,3,71300.0
1656,654,48,3,76600.0
1657,654,37,3,75300.0
1658,654,39,3,47300.0
1659,655,53,3,75400.0
1660,655,57,3,79200.0
1661,655,3,2,60400.0
1662,655,16,3,24600.0
1663,656,13,2,11600.0
1664,657,11,1,79900.0
1665,657,28,3,2300.0
1666,657,19,3,18900.0
1667,657,40,1,71300.0
1668,658,12,3,13100.0
1669,659,29,2,66000.0
1670,659,2,3,71200.0
1671,659,12,3,13100.0
1672,660,45,3,76600.0
1673,660,42,1,14300.0
1674,660,59,3,83000.0
1675,661,41,3,50300.0
1676,661,24,2,72200.0
1677,661,6,3,56300.0
1678,661,34,3,37500.0
1679,662,3,2,60400.0
1680,662,50,3,22700.0
1681,662,11,3,79900.0
1682,662,59,1,83000.0
1683,663,27,2,25000.0
1684,664,8,1,69800.0
1685,664,58,1,73800.0
1686,665,55,1,53500.0
1687,665,32,3,63500.0
1688,665,35,2,2800.0
1689,665,52,1,66700.0
1690,666,27,3,25000.0
1691,666,29,1,66000.0
1692,666,6,1,56300.0
1693,666,39,3,47300.0
1694,667,10,3,57100.0
1695,667,4,2,52800.0
1696,668,22,1,42500.0
1697,668,59,1,83000.0
1698,668,6,2,56300.0
1699,669,30,3,54900.0
1700,669,48,2,76600.0
1701,670,58,1,73800.0
1702,670,25,2,9700.0
1703,670,53,3,75400.0
1704,671,45,2,76600.0
1705,672,45,3,76600.0
1706,672,14,1,10900.0
1707,673,31,3,23700.0
1708,674,17,3,52200.0
1709,674,34,2,37500.0
1710,674,37,1,75300.0
1711,675,32,3,63500.0
1712,675,52,1,66700.0
1713,675,12,3,13100.0
1714,675,57,2,79200.0
1715,676,41,1,50300.0
1716,676,51,3,10500.0
1717,676,8,2,69800.0
1718,676,48,2,76600.0
1719,677,1,1,15100.0
1720,677,41,3,50300.0
1721,678,33,1,47800.0
1722,678,36,1,8200.0
1723,678,21,3,23900.0
1724,679,54,1,35700.0
1725,680,59,3,83000.0
1726,680,31,1,23700.0
1727,680,52,2,66700.0
1728,680,3,1,60400.0
1729,681,51,3,10500.0
1730,681,53,1,75400.0
1731,681,27,3,25000.0
1732,681,60,2,69300.0
1733,682,14,3,10900.0
1734,683,18,1,61600.0
1735,683,54,2,35700.0
1736,684,12,2,13100.0
1737,684,39,3,47300.0
1738,684,8,2,69800.0
1739,684,56,3,14800.0
1740,685,57,2,79200.0
1741,685,16,1,24600.0
1742,685,24,3,72200.0
1743,685,29,2,66000.0
1744,686,59,2,83000.0
1745,686,6,3,56300.0
1746,687,22,2,42500.0
1747,687,60,3,69300.0
1748,688,53,3,75400.0
1749,689,30,2,54900.0
1750,690,44,3,27600.0
1751,691,34,3,37500.0
1752,692,21,1,23900.0
1753,692,13,2,11600.0
1754,693,18,1,61600.0
1755,694,14,3,10900.0
1756,695,46,2,68100.0
1757,695,52,3,66700.0
1758,696,35,1,2800.0
1759,696,29,1,66000.0
1760,696,4,2,52800.0
1761,697,6,2,56300.0
1762,698,40,1,71300.0
1763,698,23,3,77100.0
1764,698,20,3,54600.0
1765,698,22,3,42500.0
1766,699,53,3,75400.0
1767,700,31,3,23700.0
1768,700,15,2,47900.0
1769,700,10,2,57100.0
1770,700,56,2,14800.0
1771,701,2,2,71200.0
1772,701,5,2,83900.0
1773,701,31,2,23700.0
1774,701,8,1,69800.0
1775,702,33,2,47800.0
1776,702,7,3,2600.0
1777,703,51,2,10500.0
1778,704,16,2,24600.0
1779,704,40,2,71300.0
1780,704,36,1,8200.0
1781,704,11,2,79900.0
1782,705,35,1,2800.0
1783,705,45,3,76600.0
1784,705,16,3,24600.0
1785,706,21,2,23900.0
1786,706,36,1,8200.0
1787,706,7,2,2600.0
1788,706,53,2,75400.0
1789,707,21,1,23900.0
1790,707,32,1,63500.0
1791,707,42,1,14300.0
1792,707,43,1,12600.0
1793,708,29,2,66000.0
1794,708,35,2,2800.0
1795,709,44,2,27600.0
1796,709,57,2,79200.0
1797,710,6,3,56300.0
1798,710,38,3,77000.0
1799,710,1,2,15100.0
1800,711,1,3,15100.0
1801,712,16,2,24600.0
1802,713,26,1,37200.0
1803,713,25,3,9700.0
1804,713,28,1,2300.0
1805,713,35,2,2800.0
1806,714,54,2,35700.0
1807,714,27,3,25000.0
1808,714,10,1,57100.0
1809,715,10,3,57100.0
1810,716,42,2,14300.0
1811,716,52,2,66700.0
1812,717,33,2,47800.0
1813,717,28,2,2300.0
1814,717,36,2,8200.0
1815,717,53,1,75400.0
1816,718,55,3,53500.0
1817,718,47,2,73400.0
1818,718,16,2,24600.0
1819,718,46,3,68100.0
1820,719,46,2,68100.0
1821,719,24,3,72200.0
1822,719,8,1,69800.0
1823,719,38,1,77000.0
1824,720,34,3,37500.0
1825,721,44,3,27600.0
1826,722,58,2,73800.0
1827,723,37,2,75300.0
1828,723,47,2,73400.0
1829,723,22,2,42500.0
1830,723,27,1,25000.0
1831,724,4,3,52800.0
1832,724,41,1,50300.0
1833,724,31,3,23700.0
1834,725,19,2,18900.0
1835,726,17,2,52200.0
1836,726,9,2,26800.0
1837,726,40,2,71300.0
1838,727,43,2,12600.0
1839,727,29,1,66000.0
1840,728,22,1,42500.0
1841,729,16,3,24600.0
1842,729,43,1,12600.0
1843,729,29,1,66000.0
1844,729,47,3,73400.0
1845,730,4,1,52800.0
1846,731,48,1,76600.0
1847,731,49,2,19400.0
1848,731,60,3,69300.0
1849,731,35,3,2800.0
1850,732,1,2,15100.0
1851,732,19,2,18900.0
1852,732,60,3,69300.0
1853,732,52,2,66700.0
1854,733,55,3,53500.0
1855,733,28,2,2300.0
1856,733,40,2,71300.0
1857,734,30,1,54900.0
1858,734,50,3,22700.0
1859,734,44,3,27600.0
1860,734,48,3,76600.0
1861,735,21,1,23900.0
1862,735,36,3,8200.0
1863,736,34,1,37500.0
1864,737,17,1,52200.0
1865,737,13,3,11600.0
1866,737,3,1,60400.0
1867,738,46,1,68100.0
1868,739,58,3,73800.0
1869,739,8,1,69800.0
1870,740,41,2,50300.0
1871,741,17,1,52200.0
1872,741,11,2,79900.0
1873,741,50,1,22700.0
1874,742,53,2,75400.0
1875,742,17,1,52200.0
1876,742,12,2,13100.0
1877,743,7,2,2600.0
1878,743,10,1,57100.0
1879,743,35,3,2800.0
1880,743,50,3,22700.0
1881,744,3,1,60400.0
1882,745,2,3,71200.0
1883,745,58,3,73800.0
1884,745,32,1,63500.0
1885,745,10,1,57100.0
1886,746,58,1,73800.0
1887,746,26,3,37200.0
1888,746,37,3,75300.0
1889,747,35,1,2800.0
1890,748,37,3,75300.0
1891,749,4,2,52800.0
1892,749,41,3,50300.0
1893,749,42,2,14300.0
1894,749,6,1,56300.0
1895,750,36,2,8200.0
1896,750,3,3,60400.0
1897,751,41,3,50300.0
1898,752,48,1,76600.0
1899,752,13,1,11600.0
1900,752,9,3,26800.0
1901,752,3,3,60400.0
1902,753,32,2,63500.0
1903,753,35,1,2800.0
1904,753,54,1,35700.0
1905,754,26,1,37200.0
1906,755,48,1,76600.0
1907,755,38,1,77000.0
1908,756,31,3,23700.0
1909,757,1,3,15100.0
1910,757,12,1,13100.0
1911,758,54,1,35700.0
1912,758,38,1,77000.0
1913,759,5,1,83900.0
1914,759,52,2,66700.0
1915,760,21,1,23900.0
1916,760,54,1,35700.0
1917,761,18,1,61600.0
1918,762,29,3,66000.0
1919,762,16,1,24600.0
1920,763,50,2,22700.0
1921,763,11,1,79900.0
1922,763,2,1,71200.0
1923,763,57,1,79200.0
1924,764,27,2,25000.0
1925,764,45,3,76600.0
1926,764,52,1,66700.0
1927,765,27,3,25000.0
1928,765,16,1,24600.0
1929,765,12,3,13100.0
1930,765,40,1,71300.0
1931,766,27,1,25000.0
1932,766,1,1,15100.0
1933,766,36,1,8200.0
1934,767,30,3,54900.0
1935,767,50,3,22700.0
1936,768,51,1,10500.0
1937,769,43,1,12600.0
1938,769,60,1,69300.0
1939,770,17,2,52200.0
1940,770,22,1,42500.0
1941,770,40,1,71300.0
1942,770,52,3,66700.0
1943,771,32,3,63500.0
1944,772,38,3,77000.0
1945,772,21,3,23900.0
1946,772,27,2,25000.0
1947,772,13,1,11600.0
1948,773,48,1,76600.0
1949,773,27,2,25000.0
1950,774,4,1,52800.0
1951,774,57,3,79200.0
1952,774,28,2,2300.0
1953,774,10,1,57100.0
1954,775,41,2,50300.0
1955,775,23,1,77100.0
1956,776,18,1,61600.0
1957,777,49,1,19400.0
1958,777,22,2,42500.0
1959,778,37,1,75300.0
1960,778,36,1,8200.0
1961,779,54,3,35700.0
1962,779,30,2,54900.0
1963,779,18,3,61600.0
1964,779,1,1,15100.0
1965,780,58,3,73800.0
1966,780,60,1,69300.0
1967,781,31,3,23700.0
1968,782,31,1,23700.0
1969,782,52,2,66700.0
1970,782,45,2,76600.0
1971,782,53,1,75400.0
1972,783,14,1,10900.0
1973,783,9,3,26800.0
1974,783,23,1,77100.0
1975,783,19,1,18900.0
1976,784,55,1,53500.0
1977,784,37,2,75300.0
1978,784,48,2,76600.0
1979,784,38,1,77000.0
1980,785,46,3,68100.0
1981,785,41,1,50300.0
1982,785,1,2,15100.0
1983,785,56,3,14800.0
1984,786,49,3,19400.0
1985,786,18,3,61600.0
1986,786,45,1,76600.0
1987,786,40,3,71300.0
1988,787,57,2,79200.0
1989,787,4,2,52800.0
1990,787,8,2,69800.0
1991,788,42,3,14300.0
1992,788,36,1,8200.0
1993,789,35,3,2800.0
1994,789,8,2,69800.0
1995,790,23,3,77100.0
1996,790,58,3,73800.0
1997,790,18,2,61600.0
1998,791,29,3,66000.0
1999,791,32,1,63500.0
2000,791,33,2,47800.0
2001,792,52,1,66700.0
2002,792,44,1,27600.0
2003,792,45,2,76600.0
2004,793,5,2,83900.0
2005,793,7,1,2600.0
2006,793,11,3,79900.0
2007,794,19,2,18900.0
2008,795,27,3,25000.0
2009,795,29,1,66000.0
2010,795,48,2,76600.0
2011,796,27,3,25000.0
2012,796,38,3,77000.0
2013,796,22,2,42500.0
2014,797,30,2,54900.0
2015,797,20,1,54600.0
2016,797,37,2,75300.0
2017,797,9,1,26800.0
2018,798,23,2,77100.0
2019,798,19,1,18900.0
2020,799,12,3,13100.0
2021,799,54,3,35700.0
2022,799,46,1,68100.0
2023,800,37,2,75300.0
2024,800,9,2,26800.0
2025,800,29,1,66000.0
2026,801,23,2,77100.0
2027,801,10,3,57100.0
2028,801,24,1,72200.0
2029,802,60,2,69300.0
2030,802,32,2,63500.0
2031,802,50,1,22700.0
2032,802,10,1,57100.0
2033,803,31,3,23700.0
2034,803,58,3,73800.0
2035,803,19,1,18900.0
2036,804,47,2,73400.0
2037,805,20,1,54600.0
2038,806,21,1,23900.0
2039,807,51,2,10500.0
2040,807,60,1,69300.0
2041,808,33,2,47800.0
2042,809,59,3,83000.0
2043,810,24,2,72200.0
2044,810,25,2,9700.0
2045,810,1,2,15100.0
2046,810,19,2,18900.0
2047,811,48,2,76600.0
2048,811,27,1,25000.0
2049,811,52,3,66700.0
2050,811,29,2,66000.0
2051,812,10,1,57100.0
2052,813,60,3,69300.0
2053,814,27,2,25000.0
2054,814,12,3,13100.0
2055,814,36,3,8200.0
2056,815,36,2,8200.0
2057,815,32,3,63500.0
2058,815,3,2,60400.0
2059,816,2,1,71200.0
2060,816,51,1,10500.0
2061,817,8,2,69800.0
2062,817,42,2,14300.0
2063,817,43,1,12600.0
2064,817,58,2,73800.0
2065,818,32,3,63500.0
2066,818,5,2,83900.0
2067,818,39,3,47300.0
2068,819,45,3,76600.0
2069,819,53,3,75400.0
2070,819,8,3,69800.0
2071,819,24,1,72200.0
2072,820,21,3,23900.0
2073,820,30,1,54900.0
2074,821,27,2,25000.0
2075,821,41,1,50300.0
2076,821,59,2,83000.0
2077,822,50,1,22700.0
2078,822,41,1,50300.0
2079,823,53,2,75400.0
2080,823,55,2,53500.0
2081,823,44,3,27600.0
2082,824,53,1,75400.0
2083,824,10,3,57100.0
2084,824,1,2,15100.0
2085,825,7,1,2600.0
2086,825,14,3,10900.0
2087,826,27,2,25000.0
2088,827,23,1,77100.0
2089,827,20,2,54600.0
2090,827,45,3,76600.0
2091,827,24,3,72200.0
2092,828,48,1,76600.0
2093,829,20,1,54600.0
2094,829,9,1,26800.0
2095,830,2,2,71200.0
2096,831,51,3,10500.0
2097,832,59,2,83000.0
2098,833,49,1,19400.0
2099,834,43,1,12600.0
2100,834,23,1,77100.0
2101,835,11,3,79900.0
2102,835,55,3,53500.0
2103,835,33,1,47800.0
2104,836,34,1,37500.0
2105,837,47,1,73400.0
2106,838,45,2,76600.0
2107,838,38,3,77000.0
2108,838,12,1,13100.0
2109,839,33,2,47800.0
2110,839,15,1,47900.0
2111,840,32,2,63500.0
2112,840,49,3,19400.0
2113,841,21,2,23900.0
2114,842,44,1,27600.0
2115,842,54,3,35700.0
2116,842,29,2,66000.0
2117,843,44,3,27600.0
2118,843,24,2,72200.0
2119,843,12,3,13100.0
2120,843,1,1,15100.0
2121,844,8,1,69800.0
2122,845,48,1,76600.0
2123,846,39,2,47300.0
2124,846,55,1,53500.0
2125,847,49,3,19400.0
2126,847,46,3,68100.0
2127,847,50,2,22700.0
2128,848,32,2,63500.0
2129,848,33,1,47800.0
2130,848,18,1,61600.0
2131,848,10,2,57100.0
2132,849,2,3,71200.0
2133,849,7,1,2600.0
2134,850,25,3,9700.0
2135,850,39,2,47300.0
